No.,이름,가입일시,나이
1,김정수,2017-01-19 11:30,25
2,김진혜,2017-01-19 11:30,26
3,고유정,2017-02-22 14:09,27
4,김은향,2017-04-01 18:00,22
5,이준수,2017-05-14 22:33,27
6,온지수,2017-01-11 6:04,30
7,홍길동,2017-02-08 7:44,31
8,강백호,2017-01-19 11:30,32
9,주은명,2017-01-19 11:30,33
10,김수진,2017-01-19 11:30,34
11,박진형,2017-02-07 10:22,35
12,정순미,2017-01-22 9:10,33
13,김정현,2017-02-22 14:09,45
14,홍미진,2017-04-01 18:00,17
15,김순철,2017-05-14 22:33,22
16,이동철,2017-03-01 23:44,27
17,박지숙,2017-01-11 6:04,30
18,김은미,2017-02-08 7:44,51
19,장혁철,2017-12-01 13:01,16
